<surge-skin name="Modern Dark Blue" author="RovingEye" version="2">
<globals>
    <window-size x="904" y="569"/>
    <defaultimage directory="SVG/"/>

    <image id="TEMPOSYNC_HORIZONTAL_OVERLAY" resource="SVG/bmpTS00153.svg"/>
    <image id="TEMPOSYNC_VERTICAL_OVERLAY" resource="SVG/bmpTS00157.svg"/>

    <color id="black" value="#000000"/>
    <color id="white" value="#ffffff"/>
    <color id="white2" value="#B4B4B4"/>
    <color id="orange" value="#369EB3"/>
    <color id="orange2" value="#369EB3"/>
    <color id="grey" value="#383838"/>
    <color id="greydots" value="#515151"/>
    <color id="grey2" value="#171717"/>
    <color id="grey3" value="#CDCED4"/>
    <color id="grey4" value="#242424"/>
    <color id="grey5" value="#202020"/>
    <color id="grey6" value="#6C6C6C"/>
    <color id="red" value="#BC0000"/>
    <color id="yellow" value="#FCDF7A"/>
    <color id="gold" value="#B4B4B4"/>
    <color id="blue" value="#369EB3"/>
    <color id="blue2" value="#006FFF"/>
    <color id="blue3" value="#2D8699"/>

    <color id="formulaeditor.background" value="black"/>
    <color id="formulaeditor.highlight" value="grey"/>
    <color id="formulaeditor.linenumber.background" value="black"/>
    <color id="formulaeditor.linenumber.text" value="orange2"/>
    <color id="formulaeditor.lua.comment" value="grey6"/>
    <color id="formulaeditor.lua.error" value="red"/>
    <color id="formulaeditor.lua.identifier" value="#F1BB72"/>
    <color id="formulaeditor.lua.interpunction" value="white"/>
    <color id="formulaeditor.lua.keyword" value="orange2"/>
    <color id="formulaeditor.lua.number" value="#D96E4D"/>
    <color id="formulaeditor.lua.string" value="white2"/>
    <color id="formulaeditor.text" value="white2"/>

    <color id="waveshaper.text" value="white2"/>
    <color id="waveshaper.text.hover" value="gold"/>
    <color id="waveshaper.waveform" value="blue"/>
    <color id="waveshaper.waveform.dots" value="greydots"/>
    <color id="waveshaper.waveform.hover" value="gold"/>

    <color id="slider.modulation.negative" value="gold"/>
    <color id="slider.modulation.positive" value="gold"/>

    <color id="infowindow.background" value="#242424"/>
    <color id="infowindow.border" value="white2"/>
    <color id="infowindow.text" value="white2"/>
    <color id="infowindow.text.modulation.negative" value="orange2"/>
    <color id="infowindow.text.modulation.positive" value="orange2"/>
    <color id="infowindow.text.modulation.value.negative" value="orange2"/>
    <color id="infowindow.text.modulation.value.positive" value="orange2"/>

    <color id="about.page.column.text" value="orange2"/>
    <color id="about.page.hover.link" value="white"/>
    <color id="about.page.link" value="orange2"/>
    <color id="about.page.text" value="white2"/>

    <color id="patchbrowser.text" value="white"/>
    
    <color id="scene.keytrackroot.text" value="white2"/>
    <color id="scene.keytrackroot.text.hover" value="black"/>
    <color id="scene.pbrange.text" value="white2"/>
    <color id="scene.pbrange.text.hover" value="black"/>
    <color id="scene.split_poly.text" value="white2"/>
    <color id="scene.split_poly.text.hover" value="black"/>
    <color id="slider.dark.label" value="white2"/>
    <color id="slider.light.label" value="white2"/>
    <color id="vumeter.background" value="black"/>
    <color id="vumeter.border" value="#FFFFFF00"/>

    <color id="filtermenu.value" value="white2"/>
    <color id="filtermenu.value.hover" value="black"/>
    <color id="effect.label.presetname" value="white2"/>
    <color id="effect.label.separator" value="white2"/>
    <color id="effect.label.text" value="white2"/>
    <color id="effect.menu.text" value="white2"/>
    <color id="effect.menu.text.hover" value="black"/>

    <color id="menu.name" value="white2"/>
    <color id="menu.name.deactivated" value="#565656"/>
    <color id="menu.name.hover" value="black"/>
    <color id="menu.value" value="white2"/>
    <color id="menu.value.deactivated" value="#565656"/>
    <color id="menu.value.hover" value="black"/>
    
    <color id="effect.grid.scene.background" value="black"/>
    <color id="effect.grid.scene.border" value="#B4B4B480"/>
    <color id="effect.grid.scene.text" value="white2"/>
    <color id="effect.grid.scene.background.hover" value="black"/>
    <color id="effect.grid.scene.border.hover" value="gold"/>
    <color id="effect.grid.scene.text.hover" value="white2"/>

    <color id="effect.grid.bypassed.background" value="#3D3D3D"/>
    <color id="effect.grid.bypassed.background.hover" value="#3D3D3D"/>
    <color id="effect.grid.selected.background" value="black"/>
    <color id="effect.grid.selected.background.hover" value="black"/>
    <color id="effect.grid.unselected.background" value="black"/>
    <color id="effect.grid.unselected.background.hover" value="black"/>
    <color id="effect.grid.bypassed.selected.background" value="#3D3D3D"/>
    <color id="effect.grid.bypassed.selected.background.hover" value="#3D3D3D"/>

    <color id="effect.grid.bypassed.border" value="#B4B4B480"/>
    <color id="effect.grid.bypassed.selected.border" value="orange2"/>
    <color id="effect.grid.bypassed.border.hover" value="gold"/>
    <color id="effect.grid.bypassed.selected.border.hover" value="orange2"/>
    <color id="effect.grid.selected.border" value="orange2"/>
    <color id="effect.grid.selected.border.hover" value="orange2"/>
    <color id="effect.grid.unselected.border" value="#B4B4B480"/>
    <color id="effect.grid.unselected.border.hover" value="gold"/>

    <color id="effect.grid.bypassed.selected.text" value="orange2"/>
    <color id="effect.grid.bypassed.selected.text.hover" value="orange2"/>
    <color id="effect.grid.bypassed.text" value="white2"/>
    <color id="effect.grid.bypassed.text.hover" value="white2"/>
    <color id="effect.grid.selected.text" value="orange2"/>
    <color id="effect.grid.selected.text.hover" value="orange2"/>
    <color id="effect.grid.unselected.text" value="white2"/>
    <color id="effect.grid.unselected.text.hover" value="white2"/>

    <color id="osc.type.text" value="white2"/>
    <color id="osc.type.text.hover" value="black"/>

    <color id="osc.line.bounds" value="greydots"/>
    <color id="osc.line.center" value="greydots"/>
    <color id="osc.waveform.dots" value="greydots"/>
    <color id="osc.waveform" value="blue"/>
    <color id="osc.waveform.animated" value="blue"/>

    <color id="osc.wavename.background" value="#1E1E1E"/>
    <color id="osc.wavename.background.hover" value="#1E1E1E"/>
    <color id="osc.wavename.frame" value="#1E1E1E"/>
    <color id="osc.wavename.frame.hover" value="#1E1E1E"/>
    <color id="osc.wavename.text" value="white2"/>
    <color id="osc.wavename.text.hover" value="gold"/>

    <color id="lfo.title.text" value="white2"/>
    <color id="lfo.type.selected.background" value="white2"/>
    <color id="lfo.type.selected.text" value="white2"/>
    <color id="lfo.type.unselected.text" value="white2"/>

    <color id="lfo.waveform.background" value="#00000059"/>
    <color id="lfo.waveform.bounds" value="greydots"/>
    <color id="lfo.waveform.center" value="greydots"/>
    <color id="lfo.waveform.dots" value="greydots"/>
    <color id="lfo.waveform.envelope" value="greydots"/>
    <color id="lfo.waveform.ruler.text" value="white2"/>
    <color id="lfo.waveform.ruler.ticks" value="white2"/>
    <color id="lfo.waveform.ruler.ticks.extended" value="white2"/>
    <color id="lfo.waveform.ruler.ticks.small" value="white2"/>
    <color id="lfo.waveform.wave" value="blue"/>
    <color id="lfo.waveform.wave.deactivated" value="#FFFFFF80"/>
    <color id="lfo.waveform.wave.ghosted" value="#FFFFFF80"/>


    <color id="lfo.stepseq.background" value="#FFFFFF00"/>
    <color id="lfo.stepseq.popup.background" value="#242424"/>
    <color id="lfo.stepseq.popup.border" value="white2"/>
    <color id="lfo.stepseq.popup.text" value="white2"/>
    <color id="lfo.stepseq.button.background" value="#242424"/>
    <color id="lfo.stepseq.button.arrow" value="white2"/>
    <color id="lfo.stepseq.button.arrow.hover" value="black"/>
    <color id="lfo.stepseq.button.border" value="black"/>
    <color id="lfo.stepseq.button.hover" value="orange2"/>

    <color id="lfo.stepseq.column.shadow" value="black"/>
    <color id="lfo.stepseq.wave" value="blue"/>
    <color id="lfo.stepseq.envelope" value="greydots"/>

    <color id="lfo.stepseq.loop.markers" value="orange2"/>
    <color id="lfo.stepseq.step.fill" value="white2"/>

    <color id="lfo.stepseq.loop.step.primary" value="grey"/>
    <color id="lfo.stepseq.loop.step.secondary" value="#2F2F2F"/>
    <color id="lfo.stepseq.loop.outside.step.primary" value="grey"/>
    <color id="lfo.stepseq.loop.outside.step.secondary" value="#2F2F2F"/>

    <color id="lfo.stepseq.step.fill.deactivated" value="#101010"/>
    <color id="lfo.stepseq.step.fill.outside" value="#101010"/>

    <color id="lfo.stepseq.drag.line" value="gold"/>
    <color id="lfo.stepseq.trigger.click" value="orange2"/>





    <color id="modbutton.macro.slider.background" value="#484848"/>
    <color id="modbutton.macro.slider.currentvalue" value="grey"/>
    <color id="modbutton.macro.slider.fill" value="blue"/>

    <color id="modbutton.armed.fill" value="blue"/>
    <color id="modbutton.selected.fill" value="#0A0A0A"/>
    <color id="modbutton.selected.used.fill" value="#0A0A0A"/>
    <color id="modbutton.unused.fill" value="#0A0A0A"/>
    <color id="modbutton.used.fill" value="#0A0A0A"/>

    <color id="modbutton.armed.frame" value="blue"/>
    <color id="modbutton.armed.frame.hover" value="blue"/>
    <color id="modbutton.selected.frame" value="orange2"/>
    <color id="modbutton.selected.frame.hover" value="orange2"/>
    <color id="modbutton.selected.used.frame" value="blue"/>
    <color id="modbutton.selected.used.frame.hover" value="blue"/>
    <color id="modbutton.unused.frame" value="grey"/>
    <color id="modbutton.unused.frame.hover" value="gold"/>
    <color id="modbutton.used.frame" value="grey"/>
    <color id="modbutton.used.frame.hover" value="gold"/>

    <color id="modbutton.armed.text" value="black"/>
    <color id="modbutton.armed.text.hover" value="black"/>
    <color id="modbutton.armed.text.usedmod.hover" value="black"/>
    <color id="modbutton.selected.text" value="orange2"/>
    <color id="modbutton.selected.text.hover" value="orange2"/>
    <color id="modbutton.selected.text.usedmod.hover" value="orange2"/>
    <color id="modbutton.selected.used.text" value="blue"/>
    <color id="modbutton.selected.used.text.hover" value="blue"/>
    <color id="modbutton.selected.used.text.usedmod.hover" value="blue"/>
    <color id="modbutton.unused.text" value="white2"/>
    <color id="modbutton.unused.text.hover" value="white2"/>
    <color id="modbutton.used.text" value="blue"/>
    <color id="modbutton.used.text.hover" value="blue"/>
    <color id="modbutton.used.text.usedmod.hover" value="blue"/>

    <color id="msegeditor.background" value="#101010"/>
    <color id="msegeditor.fill.gradient.end" value="black"/>
    <color id="msegeditor.fill.gradient.start" value="#369EB326"/>
    <color id="msegeditor.curve" value="blue"/>
    <color id="msegeditor.curve.deformed" value="#FFFFFF40"/>
    <color id="msegeditor.curve.highlight" value="orange2"/>
    <color id="msegeditor.axis.line" value="#FFFFFF40"/>
    <color id="msegeditor.grid.primary" value="#FFFFFF40"/>
    <color id="msegeditor.grid.secondary.horizontal" value="#FFFFFF33"/>
    <color id="msegeditor.grid.secondary.vertical" value="#FFFFFF33"/>

    <color id="msegeditor.loop.marker" value="#FFFFFF4C"/>
    <color id="msegeditor.loop.region.axis" value="#FFFFFF33"/>
    <color id="msegeditor.loop.region.border" value="orange2"/>
    <color id="msegeditor.loop.region.fill" value="black"/>
    <color id="msegeditor.axis.text" value="white2"/>
    <color id="msegeditor.axis.text.secondary" value="white2"/>
    <color id="msegeditor.panel" value="#101010"/>
    <color id="msegeditor.panel.text" value="white2"/>

    <color id="msegeditor.numberfield.text" value="white2"/>
    <color id="msegeditor.numberfield.text.hover" value="black"/>

    <color id="dialog.titlebar.background" value="#101010"/>
    <color id="dialog.titlebar.text" value="white2"/>
    <color id="dialog.background" value="#323232"/>
    <color id="dialog.border" value="white2"/>

    <color id="dialog.textfield.background" value="#C7C7C7"/>
    <color id="dialog.textfield.border" value="white2"/>
    <color id="dialog.textfield.focus" value="orange2"/>
    <color id="dialog.textfield.text" value="black"/>

    <color id="dialog.label.text" value="white2"/>
    <color id="dialog.label.text.error" value="red"/>

    <color id="dialog.button.background" value="black"/>
    <color id="dialog.button.border" value="white2"/>
    <color id="dialog.button.text" value="white2"/>

    <color id="dialog.button.hover.background" value="black"/>
    <color id="dialog.button.hover.border" value="black"/>
    <color id="dialog.button.hover.text" value="white2"/>

    <color id="dialog.button.pressed.background" value="black"/>
    <color id="dialog.button.pressed.border" value="white2"/>
    <color id="dialog.button.pressed.text" value="white2"/>

    <color id="dialog.checkbox.background" value="white2"/>
    <color id="dialog.checkbox.border" value="black"/>
    <color id="dialog.checkbox.tick" value="black"/>
    
</globals>

<component-classes>
</component-classes>

<controls>
    <!-- Global & Scene -->
    <control ui_identifier="controls.surge_menu" x="850"/>
    <control ui_identifier="scene.gain" y="301"/>
    <control ui_identifier="scene.velocity_sensitivity" y="301"/>

    <!-- Bend Depth & Play Mode -->
    <control ui_identifier="scene.pbrange_dn" x="157" y="112" w="30" h="13"/>
    <control ui_identifier="scene.pbrange_up" x="188" y="112" w="30" h="13"/>
    <control ui_identifier="scene.octave" x="202" y="194" w="96" h="18"/>

    <!-- OSC -->
    <control ui_identifier="osc.display" x="4" y="81" w="141" h="99"/>
    <control ui_identifier="osc.keytrack" x="4" y="181" w="45" h="9"/>
    <control ui_identifier="osc.retrigger" x="51" y="181" w="45" h="9"/>
    <control ui_identifier="osc.octave" x="0" y="194" w="96" h="18"/>

    <!-- Mixer -->
    <control ui_identifier="mixer.mute_o1" x="0" y="1"/>
    <control ui_identifier="mixer.mute_o2" x="20" y="1"/>
    <control ui_identifier="mixer.mute_o3" x="40" y="1"/>
    <control ui_identifier="mixer.mute_ring12" x="60" y="1"/>
    <control ui_identifier="mixer.mute_ring23" x="80" y="1"/>
    <control ui_identifier="mixer.mute_noise" x="100" y="1"/>
    <control ui_identifier="mixer.solo_o1" x="0" y="12"/>
    <control ui_identifier="mixer.solo_o2" x="20" y="12"/>
    <control ui_identifier="mixer.solo_o3" x="40" y="12"/>
    <control ui_identifier="mixer.solo_ring12" x="60" y="12"/>
    <control ui_identifier="mixer.solo_ring23" x="80" y="12"/>
    <control ui_identifier="mixer.solo_noise" x="100" y="12"/>
    <control ui_identifier="mixer.route_o1" x="0" y="23"/>
    <control ui_identifier="mixer.route_o2" x="20" y="23"/>
    <control ui_identifier="mixer.route_o3" x="40" y="23"/>
    <control ui_identifier="mixer.route_ring12" x="60" y="23"/>
    <control ui_identifier="mixer.route_ring23" x="80" y="23"/>
    <control ui_identifier="mixer.route_noise" x="100" y="23"/>
    <control ui_identifier="mixer.level_o1" y="38"/>
    <control ui_identifier="mixer.level_o2" y="38"/>
    <control ui_identifier="mixer.level_o3" y="38"/>
    <control ui_identifier="mixer.level_ring12" y="38"/>
    <control ui_identifier="mixer.level_ring23" y="38"/>
    <control ui_identifier="mixer.level_noise" y="38"/>
    <control ui_identifier="mixer.level_prefiltergain" y="38"/>

    <!-- Filter -->
    <control ui_identifier="filter.type_1" x="305" y="191"/>
    <control ui_identifier="filter.subtype_1" x="432" y="194"/>
    <control ui_identifier="filter.type_2" x="605" y="191"/>
    <control ui_identifier="filter.subtype_2" x="732" y="194"/>
    <control ui_identifier="filter.envmod_1" x="551" y="301"/>
    <control ui_identifier="filter.envmod_2" x="571" y="301"/>

    <!-- Keytrack & Waveshaper -->
    <control ui_identifier="scene.keytrack_root" x="310" y="265"/>
    <control ui_identifier="filter.keytrack_1" y="301"/>
    <control ui_identifier="filter.keytrack_2" y="301"/>
    <control ui_identifier="filter.highpass" y="301"/>

    <!-- FEG -->
    <control ui_identifier="feg.attack" x="-3" y="35"/>
    <control ui_identifier="feg.decay" x="17" y="35"/>
    <control ui_identifier="feg.sustain" x="37" y="35"/>
    <control ui_identifier="feg.release" x="57" y="35"/>

    <!-- AEG -->
    <control ui_identifier="aeg.attack" x="-3" y="35"/>
    <control ui_identifier="aeg.decay" x="17" y="35"/>
    <control ui_identifier="aeg.sustain" x="37" y="35"/>
    <control ui_identifier="aeg.release" x="57" y="35"/>

    <!-- Modulation Panel -->
    <control ui_identifier="controls.modulation.panel" x="2" y="401"/>

    <!-- LFO -->
    <control ui_identifier="lfo.main.panel" y="477"/>
    <control ui_identifier="lfo.envelope.panel" x="614" y="492"/>

    <!-- FX Section -->
    <control ui_identifier="fx.selector" y="77"/>
    <control ui_identifier="fx.preset.prevnext" y="213"/>
    <control ui_identifier="fx.preset.name" y="213"/>

    <!-- Misc -->
    <control ui_identifier="msegeditor.window" w="748"/>
  </controls>
</surge-skin>