<surge-skin name="Dark Purple" author="RovingEye" version="2">

<globals>
    <defaultimage directory="SVG/"/>
    <window-size x="904" y="569"/>

    <image id="TEMPOSYNC_HORIZONTAL_OVERLAY" resource="SVG/bmpTS00153.svg"/>
    <image id="TEMPOSYNC_VERTICAL_OVERLAY" resource="SVG/bmpTS00157.svg"/>

    <image id="mod-norm-h" resource="SVG/hslider_mod.svg"/>
    <image id="mod-ts-h" resource="SVG/hslider_mod_ts.svg"/>
    <image id="mod-hover-h" resource="SVG/hslider_mod_hover.svg"/>

    <image id="mod-norm-v" resource="SVG/vslider_mod.svg"/>
    <image id="mod-ts-v" resource="SVG/vslider_mod_ts.svg"/>
    <image id="mod-hover-v" resource="SVG/vslider_mod_hover.svg"/>

    <image id="def-norm-h" resource="SVG/hslider_def.svg"/>
    <image id="def-ts-h" resource="SVG/hslider_def_ts.svg"/>
    <image id="def-hover-h" resource="SVG/hslider_def_hover.svg"/>

    <color id="black" value="#000000"/>
    <color id="white" value="#B4B4B4"/>
    <color id="white2" value="#ffffff"/>
    <color id="orange" value="#FF9300"/>
    <color id="grey" value="#383838"/>
    <color id="grey2" value="#171717"/>
    <color id="grey3" value="#A5A5A5"/>
    <color id="grey4" value="#242424"/>
    <color id="grey5" value="#202020"/>
    <color id="grey6" value="#6C6C6C"/>
    <color id="blue" value="#0048C0"/>
    <color id="blue2" value="#003285"/>
    <color id="blue3" value="#002056"/>
    <color id="blue4" value="#317CFA"/>
    <color id="blue5" value="#00112D"/>
    <color id="blue6" value="#7EAEFF"/>
    <color id="blue7" value="#57CEF3"/>
    <color id="red" value="#BC0000"/>
    <color id="yellow" value="#FCDF7A"/>
    <color id="purple" value="#7432FF"/>
    <color id="purple2" value="#9099FF"/>
    <color id="pink" value="#FF7CC5"/>
    <color id="pink2" value="#FFC6E6"/>
    <color id="white-mseg" value="#FFFFFFCC"/>
    <color id="grey-mseg" value="#00328519"/>
    <color id="grey2-mseg" value="#FFFFFF80"/>
    <color id="grey3-mseg" value="#FFFFFF4C"/>
    <color id="blue-mseg" value="#0048C0C0"/>
    <color id="blue2-mseg" value="#0048C033"/>
    <color id="blue3-mseg" value="#0048C080"/>

    <color id="formulaeditor.background" value="black"/>
    <color id="formulaeditor.highlight" value="grey"/>
    <color id="formulaeditor.linenumber.background" value="black"/>
    <color id="formulaeditor.linenumber.text" value="purple"/>
    <color id="formulaeditor.lua.comment" value="grey6"/>
    <color id="formulaeditor.lua.error" value="red"/>
    <color id="formulaeditor.lua.identifier" value="purple2"/>
    <color id="formulaeditor.lua.interpunction" value="white"/>
    <color id="formulaeditor.lua.keyword" value="purple"/>
    <color id="formulaeditor.lua.number" value="#D96E4D"/>
    <color id="formulaeditor.lua.string" value="white2"/>
    <color id="formulaeditor.text" value="white2"/>

    <color id="waveshaper.text" value="purple"/>
    <color id="waveshaper.text.hover" value="white2"/>
    <color id="waveshaper.waveform" value="purple"/>
    <color id="waveshaper.waveform.dots" value="grey"/>
    <color id="waveshaper.waveform.hover" value="white2"/>


    <color id="effect.label.presetname" value="white"/>
    <color id="effect.label.separator" value="grey3"/>
    <color id="effect.label.text" value="white"/>

    <color id="effect.menu.text" value="white"/>
    <color id="effect.menu.text.hover" value="black"/>

    <color id="effect.grid.scene.background" value="#12051D"/>
    <color id="effect.grid.scene.border" value="purple"/>
    <color id="effect.grid.scene.text" value="white"/>

    <color id="effect.grid.bypassed.background" value="#12051D"/>
    <color id="effect.grid.bypassed.background.hover" value="#12051D"/>
    <color id="effect.grid.selected.background" value="#12051D"/>
    <color id="effect.grid.selected.background.hover" value="#12051D"/>
    <color id="effect.grid.unselected.background" value="#12051D"/>
    <color id="effect.grid.unselected.background.hover" value="#12051D"/>
    <color id="effect.grid.bypassed.selected.background" value="#12051D"/>
    <color id="effect.grid.bypassed.selected.background.hover" value="#12051D"/>

    <color id="effect.grid.bypassed.border" value="grey"/>
    <color id="effect.grid.bypassed.selected.border" value="grey"/>
    <color id="effect.grid.bypassed.border.hover" value="grey"/>
    <color id="effect.grid.bypassed.selected.border.hover" value="grey"/>
    <color id="effect.grid.selected.border" value="purple"/>
    <color id="effect.grid.selected.border.hover" value="purple"/>
    <color id="effect.grid.unselected.border" value="purple"/>
    <color id="effect.grid.unselected.border.hover" value="purple"/>

    <color id="effect.grid.bypassed.selected.text" value="white2"/>
    <color id="effect.grid.bypassed.selected.text.hover" value="white2"/>
    <color id="effect.grid.bypassed.text" value="grey"/>
    <color id="effect.grid.bypassed.text.hover" value="grey"/>
    <color id="effect.grid.selected.text" value="white2"/>
    <color id="effect.grid.selected.text.hover" value="white2"/>
    <color id="effect.grid.unselected.text" value="white"/>
    <color id="effect.grid.unselected.text.hover" value="white"/>

    <color id="menu.name" value="white"/>
    <color id="menu.name.deactivated" value="grey6"/>
    <color id="menu.name.hover" value="black"/>
    <color id="menu.value" value="white"/>
    <color id="menu.value.deactivated" value="grey6"/>
    <color id="menu.value.hover" value="black"/>

    <color id="filtermenu.value" value="white"/>
    <color id="filtermenu.value.hover" value="black"/>

    <color id="infowindow.background" value="black"/>
    <color id="infowindow.border" value="white"/>
    <color id="infowindow.text" value="white"/>
    <color id="infowindow.text.modulation.negative" value="white"/>
    <color id="infowindow.text.modulation.positive" value="white"/>
    <color id="infowindow.text.modulation.value.negative" value="white"/>
    <color id="infowindow.text.modulation.value.positive" value="white"/>

    <color id="slider.modulation.positive" value="purple"/>
    <color id="slider.modulation.negative" value="purple"/>

    <color id="scene.keytrackroot.text" value="white"/>
    <color id="scene.keytrackroot.text.hover" value="black"/>
    <color id="scene.pbrange.text" value="white"/>
    <color id="scene.pbrange.text.hover" value="black"/>
    <color id="scene.split_poly.text" value="white"/>
    <color id="scene.split_poly.text.hover" value="black"/>
    <color id="slider.dark.label" value="white"/>
    <color id="slider.light.label" value="white"/>

    <color id="vumeter.background" value="black"/>
    <color id="vumeter.border" value="#FFFFFF00"/>

    <color id="about.page.column.text" value="white"/>
    <color id="about.page.hover.link" value="white"/>
    <color id="about.page.link" value="purple"/>
    <color id="about.page.text" value="white"/>

    <color id="patchbrowser.text" value="#C2A5FF"/>

    <color id="numberfield.text" value="white"/>
    <color id="numberfield.text.hover" value="black"/>

    <color id="modbutton.macro.slider.background" value="#521D7D"/>
    <color id="modbutton.macro.slider.currentvalue" value="white2"/>
    <color id="modbutton.macro.slider.fill" value="#936BB2"/>

    <color id="modbutton.armed.fill" value="pink"/>
    <color id="modbutton.selected.fill" value="#2D0E46"/>
    <color id="modbutton.selected.used.fill" value="#2D0E46"/>
    <color id="modbutton.unused.fill" value="#12051D"/>
    <color id="modbutton.used.fill" value="#12051D"/>

    <color id="modbutton.armed.frame" value="purple2"/>
    <color id="modbutton.armed.frame.hover" value="purple2"/>
    <color id="modbutton.selected.frame" value="purple2"/>
    <color id="modbutton.selected.frame.hover" value="purple2"/>
    <color id="modbutton.selected.used.frame" value="grey"/>
    <color id="modbutton.selected.used.frame.hover" value="purple2"/>
    <color id="modbutton.unused.frame" value="grey"/>
    <color id="modbutton.unused.frame.hover" value="purple2"/>
    <color id="modbutton.used.frame" value="grey"/>
    <color id="modbutton.used.frame.hover" value="purple2"/>

    <color id="modbutton.armed.text" value="black"/>
    <color id="modbutton.armed.text.hover" value="black"/>
    <color id="modbutton.armed.text.usedmod.hover" value="pink2"/>
    <color id="modbutton.selected.text" value="white2"/>
    <color id="modbutton.selected.text.hover" value="white2"/>
    <color id="modbutton.selected.text.usedmod.hover" value="pink2"/>
    <color id="modbutton.selected.used.text" value="#C9478F"/>
    <color id="modbutton.selected.used.text.hover" value="#C9478F"/>
    <color id="modbutton.selected.used.text.usedmod.hover" value="pink2"/>
    <color id="modbutton.unused.text" value="grey3"/>
    <color id="modbutton.unused.text.hover" value="white2"/>
    <color id="modbutton.used.text" value="#C9478F"/>
    <color id="modbutton.used.text.hover" value="#C9478F"/>
    <color id="modbutton.used.text.usedmod.hover" value="pink2"/>

    <color id="osc.type.text" value="white2"/>
    <color id="osc.type.text.hover" value="black"/>

    <color id="osc.line.bounds" value="grey"/>
    <color id="osc.line.center" value="grey"/>
    <color id="osc.waveform.dots" value="grey"/>
    <color id="osc.waveform" value="purple"/>
    <color id="osc.waveform.animated" value="white"/>

    <color id="osc.wavename.background" value="purple"/>
    <color id="osc.wavename.background.hover" value="purple2"/>
    <color id="osc.wavename.frame" value="purple"/>
    <color id="osc.wavename.frame.hover" value="purple2"/>
    <color id="osc.wavename.text" value="white2"/>
    <color id="osc.wavename.text.hover" value="black"/>

    <color id="lfo.title.text" value="white2"/>
    <color id="lfo.type.selected.background" value="white"/>
    <color id="lfo.type.selected.text" value="white"/>
    <color id="lfo.type.unselected.text" value="white"/>
    <color id="lfo.waveform.bounds" value="grey"/>
    <color id="lfo.waveform.center" value="grey"/>
    <color id="lfo.waveform.dots" value="grey"/>
    <color id="lfo.waveform.envelope" value="grey"/>
    <color id="lfo.waveform.ruler.text" value="white"/>
    <color id="lfo.waveform.ruler.ticks" value="white"/>
    <color id="lfo.waveform.ruler.ticks.extended" value="white"/>
    <color id="lfo.waveform.ruler.ticks.small" value="white"/>
    <color id="lfo.waveform.wave" value="purple"/>
    <color id="lfo.waveform.wave.deactivated" value="#FFFFFF80"/>
    <color id="lfo.waveform.wave.ghosted" value="#FFFFFF80"/>
    <color id="lfo.stepseq.background" value="#FFFFFF00"/>
    <color id="lfo.waveform.background" value="#000000"/>
    <color id="lfo.stepseq.popup.background" value="white"/>
    <color id="lfo.stepseq.popup.border" value="black"/>
    <color id="lfo.stepseq.popup.text" value="black"/>
    <color id="lfo.stepseq.button.arrow" value="black"/>
    <color id="lfo.stepseq.button.arrow.hover" value="white"/>
    <color id="lfo.stepseq.button.background" value="white"/>
    <color id="lfo.stepseq.button.border" value="black"/>
    <color id="lfo.stepseq.button.hover" value="grey6"/>
    <color id="lfo.stepseq.loop.step.primary" value="#FF7CC533"/>
    <color id="lfo.stepseq.loop.step.secondary" value="#FF7CC519"/>
    <color id="lfo.stepseq.loop.outside.step.primary" value="#383838"/>
    <color id="lfo.stepseq.loop.outside.step.secondary" value="#2F2F2F"/>
    <color id="lfo.stepseq.step.fill" value="purple2"/>
    <color id="lfo.stepseq.step.fill.deactivated" value="grey"/>
    <color id="lfo.stepseq.step.fill.outside" value="#1E1E1E"/>
    <color id="lfo.stepseq.drag.line" value="white"/>
    <color id="lfo.stepseq.trigger.click" value="white"/>
    <color id="lfo.stepseq.column.shadow" value="grey5"/>
    <color id="lfo.stepseq.wave" value="black"/>
    <color id="lfo.stepseq.envelope" value="white"/>
    <color id="lfo.stepseq.loop.markers" value="purple"/>

    <color id="msegeditor.background" value="#000000"/>
    <color id="msegeditor.fill.gradient.end" value="#5538C919"/>
    <color id="msegeditor.fill.gradient.start" value="white-mseg"/>

    <color id="msegeditor.curve" value="#FFFFFF80"/>
    <color id="msegeditor.curve.deformed" value="#FFFFFF40"/>
    <color id="msegeditor.curve.highlight" value="#FFFFFFC0"/>

    <color id="msegeditor.axis.line" value="white"/>

    <color id="msegeditor.grid.primary" value="white"/>
    <color id="msegeditor.grid.secondary.horizontal" value="#FFFFFF33"/>
    <color id="msegeditor.grid.secondary.vertical" value="#FFFFFF33"/>
    <color id="msegeditor.loop.marker" value="grey3-mseg"/>
    <color id="msegeditor.loop.region.axis" value="#FF7CC511"/>
    <color id="msegeditor.loop.region.border" value="purple"/>
    <color id="msegeditor.loop.region.fill" value="#FF7CC511"/>

    <color id="msegeditor.axis.text" value="white"/>
    <color id="msegeditor.axis.text.secondary" value="white"/>
    <color id="msegeditor.panel" value="#10071C"/>
    <color id="msegeditor.panel.text" value="white"/>

    <color id="msegeditor.numberfield.text" value="#B4B4B4"/>
    <color id="msegeditor.numberfield.text.hover" value="black"/>
    
    <color id="dialog.titlebar.background" value="black"/>
    <color id="dialog.titlebar.text" value="#B4B4B4"/>
    <color id="dialog.background" value="#242424"/>
    <color id="dialog.border" value="black"/>

    <color id="dialog.textfield.background" value="#11081D"/>
    <color id="dialog.textfield.border" value="#11081D"/>
    <color id="dialog.textfield.focus" value="grey"/>
    <color id="dialog.textfield.text" value="#C2A5FF"/>
    <color id="dialog.label.text" value="white"/>
    <color id="dialog.label.text.error" value="red"/>

    <color id="dialog.button.background" value="purple"/>
    <color id="dialog.button.border" value="purple"/>
    <color id="dialog.button.text" value="white2"/>
    <color id="dialog.button.hover.background" value="purple2"/>
    <color id="dialog.button.hover.border" value="black"/>
    <color id="dialog.button.hover.text" value="black"/>
    <color id="dialog.button.pressed.background" value="black"/>
    <color id="dialog.button.pressed.border" value="purple"/>
    <color id="dialog.button.pressed.text" value="purple"/>

    <color id="dialog.checkbox.background" value="white2"/>
    <color id="dialog.checkbox.border" value="black"/>
    <color id="dialog.checkbox.tick" value="black"/>

</globals>

  <component-classes>
    <class name="mod-hslider" parent="CSurgeSlider" handle_image="mod-norm-h" handle_hover_image="mod-hover-h" handle_temposync_image="mod-ts-h"/>
    <class name="mod-vslider" parent="CSurgeSlider" handle_image="mod-norm-v" handle_hover_image="mod-hover-v" handle_temposync_image="mod-ts-v"/>
    <class name="def-hslider" parent="CSurgeSlider" handle_image="def-norm-h" handle_hover_image="def-hover-h" handle_temposync_image="def-ts-h"/>
  </component-classes>

  <controls>
    <!-- Global & Scene -->
    <control ui_identifier="global.volume" class="def-hslider"/>

    <control ui_identifier="scene.drift" class="def-hslider"/>
    <control ui_identifier="scene.noise_color" class="def-hslider"/>

    <control ui_identifier="scene.fmdepth" class="def-hslider" y="162"/>

    <control ui_identifier="scene.volume" class="def-hslider"/>
    <control ui_identifier="scene.pan" class="def-hslider"/>
    <control ui_identifier="scene.width" class="def-hslider"/>
    <control ui_identifier="scene.send_fx_1" class="def-hslider"/>
    <control ui_identifier="scene.send_fx_2" class="def-hslider"/>

    <control ui_identifier="scene.portamento" class="def-hslider"/>
    <control ui_identifier="scene.pitch" class="def-hslider"/>

    <control ui_identifier="scene.fmrouting" y="88"/>

    <control ui_identifier="controls.surge_menu" x="850"/>

    <control ui_identifier="scene.gain" y="301"/>
    <control ui_identifier="scene.velocity_sensitivity" y="301"/>

    <!-- Bend Depth & Play Mode -->
    <control ui_identifier="scene.pbrange_dn" x="157" y="112" w="30" h="13"/>
    <control ui_identifier="scene.pbrange_up" x="188" y="112" w="30" h="13"/>

    <control ui_identifier="scene.playmode" y="92"/>

    <control ui_identifier="scene.octave" x="202" y="194" w="96" h="18"/>

    <!-- OSC -->
    <control ui_identifier="osc.display" x="4" y="81" w="141" h="99"/>
    <control ui_identifier="osc.keytrack" x="4" y="181" w="45" h="9"/>
    <control ui_identifier="osc.retrigger" x="51" y="181" w="45" h="9"/>
    <control ui_identifier="osc.octave" x="0" y="194" w="96" h="18"/>
    <control ui_identifier="osc.type" x="96" y="194" w="49" h="18"/>
    <control ui_identifier="osc.select" x="66" y="61" w="75" h="13"/>

    <control ui_identifier="osc.pitch" class="def-hslider"/>
    <control ui_identifier="osc.param_1" class="def-hslider"/>
    <control ui_identifier="osc.param_2" class="def-hslider"/>
    <control ui_identifier="osc.param_3" class="def-hslider"/>
    <control ui_identifier="osc.param_4" class="def-hslider"/>
    <control ui_identifier="osc.param_5" class="def-hslider"/>
    <control ui_identifier="osc.param_6" class="def-hslider"/>
    <control ui_identifier="osc.param_7" class="def-hslider"/>

    <!-- Mixer -->
    <control ui_identifier="mixer.mute_o1" x="0" y="1"/>
    <control ui_identifier="mixer.mute_o2" x="20" y="1"/>
    <control ui_identifier="mixer.mute_o3" x="40" y="1"/>
    <control ui_identifier="mixer.mute_ring12" x="60" y="1"/>
    <control ui_identifier="mixer.mute_ring23" x="80" y="1"/>
    <control ui_identifier="mixer.mute_noise" x="100" y="1"/>

    <control ui_identifier="mixer.solo_o1" x="0" y="12"/>
    <control ui_identifier="mixer.solo_o2" x="20" y="12"/>
    <control ui_identifier="mixer.solo_o3" x="40" y="12"/>
    <control ui_identifier="mixer.solo_ring12" x="60" y="12"/>
    <control ui_identifier="mixer.solo_ring23" x="80" y="12"/>
    <control ui_identifier="mixer.solo_noise" x="100" y="12"/>

    <control ui_identifier="mixer.route_o1" x="0" y="23"/>
    <control ui_identifier="mixer.route_o2" x="20" y="23"/>
    <control ui_identifier="mixer.route_o3" x="40" y="23"/>
    <control ui_identifier="mixer.route_ring12" x="60" y="23"/>
    <control ui_identifier="mixer.route_ring23" x="80" y="23"/>
    <control ui_identifier="mixer.route_noise" x="100" y="23"/>

    <control ui_identifier="mixer.level_o1" y="38"/>
    <control ui_identifier="mixer.level_o2" y="38"/>
    <control ui_identifier="mixer.level_o3" y="38"/>
    <control ui_identifier="mixer.level_ring12" y="38"/>
    <control ui_identifier="mixer.level_ring23" y="38"/>
    <control ui_identifier="mixer.level_noise" y="38"/>
    <control ui_identifier="mixer.level_prefiltergain" y="38"/>

    <!-- Filter -->
    <control ui_identifier="filter.config" y="88"/>

    <control ui_identifier="filter.type_1" x="305" y="191"/>
    <control ui_identifier="filter.subtype_1" x="432" y="194"/>
    <control ui_identifier="filter.type_2" x="605" y="191"/>
    <control ui_identifier="filter.subtype_2" x="732" y="194"/>

    <control ui_identifier="filter.cutoff_1" class="def-hslider"/>
    <control ui_identifier="filter.resonance_1" class="def-hslider"/>
    <control ui_identifier="filter.cutoff_2" class="def-hslider"/>
    <control ui_identifier="filter.resonance_2" class="def-hslider"/>
    <control ui_identifier="filter.balance" class="def-hslider"/>
    <control ui_identifier="filter.feedback" class="def-hslider" y="162"/>

    <control ui_identifier="filter.envmod_1" x="551" y="301"/>
    <control ui_identifier="filter.envmod_2" x="571" y="301"/>

    <!-- Keytrack & Waveshaper -->
    <control ui_identifier="scene.keytrack_root" x="310" y="265"/>
    <control ui_identifier="filter.keytrack_1" y="301"/>
    <control ui_identifier="filter.keytrack_2" y="301"/>
    <control ui_identifier="filter.highpass" y="301"/>

    <!-- FEG -->
    <control ui_identifier="feg.panel" y="266"/>
    <control ui_identifier="feg.mode" x="95"/>
    <control ui_identifier="feg.attack_shape" x="1"/>
    <control ui_identifier="feg.decay_shape" x="21"/>
    <control ui_identifier="feg.release_shape" x="61"/>
    <control ui_identifier="feg.attack" x="-3" y="35"/>
    <control ui_identifier="feg.decay" x="17" y="35"/>
    <control ui_identifier="feg.sustain" x="37" y="35"/>
    <control ui_identifier="feg.release" x="57" y="35"/>

    <!-- AEG -->
    <control ui_identifier="aeg.panel" y="266"/>
    <control ui_identifier="aeg.attack_shape" x="1"/>
    <control ui_identifier="aeg.decay_shape" x="21"/>
    <control ui_identifier="aeg.release_shape" x="61"/>
    <control ui_identifier="aeg.attack" x="-3" y="35"/>
    <control ui_identifier="aeg.decay" x="17" y="35"/>
    <control ui_identifier="aeg.sustain" x="37" y="35"/>
    <control ui_identifier="aeg.release" x="57" y="35"/>

    <!-- Modulation Panel -->
    <control ui_identifier="controls.modulation.panel" x="2" y="401"/>

    <!-- LFO -->
    <control ui_identifier="lfo.rate" class="mod-hslider"/>
    <control ui_identifier="lfo.phase" class="mod-hslider"/>
    <control ui_identifier="lfo.deform" class="mod-hslider"/>
    <control ui_identifier="lfo.amplitude" class="mod-hslider"/>

    <control ui_identifier="lfo.delay" class="mod-vslider"/>
    <control ui_identifier="lfo.attack" class="mod-vslider"/>
    <control ui_identifier="lfo.hold" class="mod-vslider"/>
    <control ui_identifier="lfo.decay" class="mod-vslider"/>
    <control ui_identifier="lfo.sustain" class="mod-vslider"/>
    <control ui_identifier="lfo.release" class="mod-vslider"/>

    <control ui_identifier="lfo.main.panel" y="477"/>

    <control ui_identifier="lfo.title" y="486"/>
    <control ui_identifier="lfo.presets" y="477"/>

    <control ui_identifier="lfo.trigger_mode" y="483"/>
    <control ui_identifier="lfo.unipolar" y="545" w="51" h="14"/>

    <control ui_identifier="lfo.shape" y="479"/>
    <control ui_identifier="lfo.mseg_editor" y="477"/>

    <control ui_identifier="lfo.envelope.panel" x="614" y="492"/>

    <!-- FX Section -->
    <control ui_identifier="fx.selector" y="77"/>
    <control ui_identifier="fx.preset.prevnext" y="213"/>
    <control ui_identifier="fx.preset.name" y="213"/>

    <!-- Misc -->
    <control ui_identifier="msegeditor.window" w="748"/>
  </controls>
</surge-skin>